date,open,high,low,close,volume
2023-10-05,25.79000,27.05000,25.76000,26.00000,8194900
2023-10-06,26.01000,26.63000,25.16000,26.41000,10868200
2023-10-09,26.42000,27.64000,26.42000,27.59000,11266200
2023-10-10,27.85000,27.94000,27.34000,27.53000,5731000
2023-10-11,27.68000,27.80000,27.18000,27.36000,5452300
2023-10-12,27.35000,27.44000,26.51000,26.63000,6275900
2023-10-13,26.79000,27.72000,26.79000,27.57000,6170600
2023-10-16,27.75000,28.01000,27.45000,27.76000,5209600
2023-10-17,27.70000,27.95000,27.55000,27.68000,3931900
2023-10-18,27.73000,27.93000,27.30000,27.38000,5582000
2023-10-19,27.33000,27.55000,27.13000,27.15000,4025900
2023-10-20,27.29000,27.44000,26.99000,26.99000,3506800
2023-10-23,26.96000,27.18000,26.62000,26.69000,3941800
2023-10-24,26.72000,27.15000,26.67000,27.07000,4365900
2023-10-25,27.07000,27.78000,27.02000,27.75000,7772500
2023-10-26,27.74000,27.97000,27.48000,27.67000,4479500
2023-10-27,27.54000,27.70000,27.09000,27.19000,3507200
2023-10-30,27.28000,27.45000,27.11000,27.23000,3753700
2023-10-31,27.37000,27.49000,27.21000,27.36000,4323300
2023-11-01,27.11000,27.30000,26.96000,26.98000,3763500
2023-11-02,27.10000,27.70000,27.07000,27.67000,3993700
2023-11-03,27.83000,27.98000,27.58000,27.81000,3559200
2023-11-06,27.70000,27.75000,27.41000,27.43000,3168100
2023-11-07,27.35000,27.54000,27.29000,27.39000,3071200
2023-11-08,27.42000,27.79000,27.35000,27.75000,5118900
2023-11-09,27.88000,28.05000,27.70000,27.94000,4980900
2023-11-10,27.97000,28.10000,27.65000,27.81000,3473100
2023-11-13,27.72000,27.96000,27.51000,27.57000,3026600
2023-11-14,27.73000,28.16000,27.69000,28.02000,3228600
2023-11-15,28.02000,28.30000,28.01000,28.15000,3018900
2023-11-16,28.14000,28.28000,28.01000,28.08000,3237100
2023-11-17,28.22000,28.29000,27.89000,28.18000,2800900
2023-11-20,28.01000,28.20000,27.77000,28.10000,3152200
2023-11-21,28.11000,28.35000,27.96000,28.20000,2673000
2023-11-22,28.36000,28.47000,28.17000,28.33000,3232100
2023-11-24,28.38000,28.56000,28.29000,28.49000,1286500
2023-11-27,28.46000,28.55000,28.13000,28.19000,3243200
2023-11-28,28.18000,28.32000,28.08000,28.22000,2934500
2023-11-29,28.11000,28.22000,27.96000,28.02000,3138600
2023-11-30,28.06000,28.33000,27.87000,28.29000,5176500
2023-12-01,28.32000,28.39000,28.11000,28.36000,3886100
2023-12-04,28.30000,29.07000,28.30000,28.96000,3760600
2023-12-05,29.04000,29.06000,28.75000,28.76000,3040200
2023-12-06,28.90000,29.49000,28.84000,29.40000,3925400
2023-12-07,29.49000,29.95000,29.22000,29.79000,4464700
2023-12-08,29.81000,29.89000,29.46000,29.52000,3289600
2023-12-11,29.23000,29.62000,29.14000,29.46000,3717500
2023-12-12,29.49000,29.68000,29.24000,29.61000,3152300
2023-12-13,29.62000,30.54000,29.57000,30.44000,6183200
2023-12-14,30.56000,30.69000,29.85000,29.92000,7334200
2023-12-15,29.80000,29.88000,29.24000,29.33000,6790300
2023-12-18,29.44000,29.67000,29.21000,29.49000,3664500
2023-12-19,29.51000,29.64000,29.26000,29.40000,4806300
2023-12-20,29.00000,29.00000,28.32000,28.36000,5739400
2023-12-21,28.45000,28.54000,28.19000,28.47000,3671100
2023-12-22,28.58000,28.86000,28.46000,28.66000,3015700
2023-12-26,28.54000,28.68000,28.41000,28.55000,3111300
2023-12-27,28.50000,28.53000,28.28000,28.45000,3821000
2023-12-28,28.39000,28.64000,28.37000,28.57000,3741800
2023-12-29,28.53000,28.78000,28.47000,28.66000,3823000
2024-01-02,28.59000,29.68000,28.59000,29.53000,5716400
2024-01-03,29.61000,29.85000,29.25000,29.28000,6529900
2024-01-04,29.81000,29.83000,28.19000,28.72000,11177500
2024-01-05,28.61000,28.72000,28.06000,28.21000,9344400
2024-01-08,28.18000,28.78000,28.09000,28.73000,7019500
2024-01-09,28.64000,29.34000,28.49000,29.32000,8157900
2024-01-10,29.16000,29.35000,28.82000,29.23000,6638300
2024-01-11,29.17000,29.21000,28.72000,28.75000,6039700
2024-01-12,28.89000,29.05000,28.80000,28.95000,3860200
2024-01-16,28.98000,29.08000,28.49000,28.58000,6872200
2024-01-17,28.45000,29.15000,28.41000,28.91000,4230300
2024-01-18,28.71000,28.85000,28.51000,28.71000,3485100
2024-01-19,28.73000,28.85000,28.30000,28.62000,4688700
2024-01-22,28.50000,28.82000,28.33000,28.73000,5679800
2024-01-23,28.90000,29.52000,28.85000,29.41000,4271800
2024-01-24,29.38000,29.64000,29.23000,29.41000,5364100
2024-01-25,29.59000,29.83000,29.28000,29.68000,4154900
2024-01-26,29.82000,29.88000,29.50000,29.62000,10474400
2024-01-29,29.35000,29.37000,29.16000,29.20000,4427400
2024-01-30,29.15000,29.45000,28.98000,29.44000,5497300
2024-01-31,29.45000,29.61000,29.07000,29.15000,4882500
2024-02-01,29.02000,29.69000,28.87000,29.65000,3649000
2024-02-02,29.66000,29.89000,29.18000,29.46000,3680600
2024-02-05,29.35000,29.38000,28.54000,28.56000,4476300
2024-02-06,28.49000,28.90000,28.35000,28.62000,4871900
2024-02-07,28.74000,28.79000,28.23000,28.36000,3819200
2024-02-08,28.31000,28.45000,28.00000,28.10000,4042100
2024-02-09,27.98000,27.99000,27.08000,27.40000,6069900
2024-02-12,27.35000,27.85000,27.27000,27.78000,3015300
2024-02-13,27.76000,27.94000,27.00000,27.29000,3780600
2024-02-14,27.17000,27.27000,26.62000,26.73000,4628800
2024-02-15,26.80000,27.27000,26.80000,27.17000,3777900
2024-02-16,27.07000,27.31000,26.88000,27.21000,3746400
2024-02-20,27.30000,28.60000,27.19000,28.48000,5821400
2024-02-21,28.50000,28.69000,28.21000,28.41000,3545200
2024-02-22,28.18000,28.31000,27.69000,28.28000,3379600
2024-02-23,28.22000,28.51000,28.07000,28.30000,2375500
2024-02-26,28.23000,28.29000,27.94000,28.01000,5351600
2024-02-27,28.09000,28.37000,27.81000,27.97000,3016000
2024-02-28,28.02000,28.14000,27.86000,28.13000,2691800
2024-02-29,28.27000,28.33000,27.91000,28.08000,6967600
2024-03-01,28.07000,28.07000,27.76000,27.78000,3662800
2024-03-04,27.69000,27.81000,27.46000,27.70000,4565200
2024-03-05,27.84000,28.05000,27.57000,27.70000,4347400
2024-03-06,27.91000,28.18000,27.79000,27.95000,3417100
2024-03-07,28.04000,28.09000,27.54000,27.80000,3266100
2024-03-08,27.83000,28.23000,27.72000,28.13000,3609900
2024-03-11,28.15000,28.60000,28.13000,28.53000,2404700
2024-03-12,28.53000,28.68000,28.31000,28.44000,2724500
2024-03-13,28.59000,28.70000,28.20000,28.35000,2722800
2024-03-14,28.18000,28.31000,27.77000,27.90000,4341400
2024-03-15,27.74000,28.27000,27.74000,28.07000,11697700
2024-03-18,28.05000,28.24000,27.97000,28.22000,4735400
2024-03-19,28.32000,28.86000,28.11000,28.86000,4900300
2024-03-20,29.10000,29.38000,28.70000,28.84000,5875700
2024-03-21,28.80000,29.00000,28.64000,28.95000,4767600
2024-03-22,29.00000,29.11000,28.89000,28.99000,4681200
2024-03-25,29.05000,29.14000,28.82000,29.09000,2865500
2024-03-26,29.12000,29.27000,28.91000,28.91000,4060600
2024-03-27,28.95000,29.52000,28.92000,29.49000,3847800
2024-03-28,29.63000,29.76000,29.50000,29.64000,4605000
2024-04-01,29.71000,29.75000,29.42000,29.68000,5404500
2024-04-02,29.79000,29.90000,29.53000,29.55000,5715800
2024-04-03,29.47000,29.47000,29.00000,29.06000,6181700
2024-04-04,31.08000,31.39000,30.11000,30.64000,12621800
2024-04-05,30.71000,31.57000,30.65000,31.09000,10132600
2024-04-08,31.14000,31.49000,31.07000,31.28000,6327800
2024-04-09,31.38000,31.38000,30.89000,31.28000,4320400
2024-04-10,31.14000,31.25000,30.52000,30.60000,5423700
2024-04-11,30.67000,30.73000,29.95000,30.00000,5352000
2024-04-12,30.02000,30.02000,29.27000,29.31000,3791100
2024-04-15,29.44000,29.88000,29.36000,29.76000,5658000
2024-04-16,29.88000,30.07000,29.59000,30.01000,5528400
2024-04-17,30.21000,30.39000,30.07000,30.24000,5147400
2024-04-18,30.35000,30.41000,29.85000,30.36000,3371600
2024-04-19,30.42000,30.82000,30.31000,30.62000,4850700
2024-04-22,30.70000,31.16000,30.68000,31.10000,4168300
2024-04-23,31.07000,31.52000,31.03000,31.27000,5357300
2024-04-24,30.95000,31.71000,30.85000,31.57000,6866600
2024-04-25,31.48000,31.82000,31.18000,31.27000,4277700
2024-04-26,31.27000,31.50000,31.06000,31.08000,3322400
2024-04-29,30.86000,31.04000,30.78000,30.94000,3625200
2024-04-30,30.91000,31.04000,30.70000,30.78000,6131300
2024-05-01,30.67000,31.02000,30.57000,30.74000,5616400
2024-05-02,30.80000,31.10000,30.71000,30.85000,3534700
2024-05-03,30.87000,30.90000,30.56000,30.59000,4112400
2024-05-06,30.61000,30.71000,30.09000,30.19000,4045800
2024-05-07,30.34000,30.76000,30.30000,30.72000,2763900
2024-05-08,30.76000,30.94000,30.68000,30.83000,4296300
2024-05-09,30.83000,30.87000,30.46000,30.78000,1960300
2024-05-10,30.80000,31.19000,30.76000,31.13000,2848600
2024-05-13,31.17000,31.27000,30.74000,30.95000,2713100
2024-05-14,31.02000,31.16000,30.87000,31.00000,2733300
2024-05-15,31.03000,31.07000,30.37000,30.42000,2882600
2024-05-16,30.52000,31.05000,30.45000,30.99000,2665100
2024-05-17,31.05000,31.05000,30.67000,30.73000,8246000
2024-05-20,30.70000,30.87000,30.58000,30.71000,2690500
2024-05-21,30.80000,30.96000,30.54000,30.79000,3108200
2024-05-22,30.61000,30.78000,30.35000,30.76000,3127900
2024-05-23,30.52000,30.72000,30.20000,30.44000,2276500
2024-05-24,30.47000,30.59000,30.21000,30.28000,2423500
2024-05-28,30.20000,30.44000,29.71000,29.73000,2831800
2024-05-29,29.56000,29.62000,29.15000,29.22000,3098100
2024-05-30,29.26000,29.39000,28.95000,29.16000,3899000
2024-05-31,29.15000,29.89000,29.12000,29.88000,6370800
2024-06-03,30.00000,30.18000,29.58000,29.73000,3125900
2024-06-04,29.68000,30.08000,29.53000,30.00000,3364500
2024-06-05,29.90000,29.94000,29.44000,29.77000,3538100
2024-06-06,29.73000,29.81000,29.36000,29.54000,2307600
2024-06-07,29.42000,29.77000,29.41000,29.72000,3590300
2024-06-10,29.65000,29.70000,28.87000,29.29000,6969900
2024-06-11,29.23000,29.32000,28.90000,29.24000,6146800
2024-06-12,29.24000,29.27000,28.62000,28.72000,3136800
2024-06-13,28.71000,28.77000,28.39000,28.57000,3597900
2024-06-14,28.50000,28.85000,28.29000,28.34000,3821400
2024-06-17,28.28000,28.81000,28.18000,28.70000,3961800
2024-06-18,28.55000,28.77000,28.44000,28.67000,4192100
2024-06-20,28.56000,28.84000,28.48000,28.50000,4144000
2024-06-21,28.67000,29.08000,28.53000,28.82000,6242900
2024-06-24,28.90000,29.52000,28.87000,29.34000,4154900
2024-06-25,29.28000,29.52000,29.07000,29.07000,3920200
2024-06-26,28.58000,28.70000,28.43000,28.49000,5625400
2024-06-27,28.54000,28.59000,28.17000,28.34000,4188000
2024-06-28,28.35000,28.48000,28.19000,28.42000,7264800
2024-07-01,28.60000,28.88000,28.30000,28.30000,5532700
2024-07-02,28.34000,28.44000,28.19000,28.33000,3658400
2024-07-03,28.35000,28.40000,28.08000,28.13000,2236500
2024-07-05,28.04000,28.31000,27.98000,28.24000,4825600
2024-07-08,28.50000,28.67000,28.31000,28.40000,4549500
2024-07-09,28.37000,28.90000,28.33000,28.74000,5227800
2024-07-10,28.80000,29.02000,28.69000,28.81000,5967100
2024-07-11,28.01000,28.49000,27.46000,28.38000,13581000
2024-07-12,28.35000,28.63000,28.22000,28.35000,5285300
2024-07-15,28.36000,28.70000,28.22000,28.60000,4524300
2024-07-16,28.60000,29.05000,28.50000,28.99000,3834400
2024-07-17,29.14000,30.15000,29.12000,30.12000,5186200
2024-07-18,29.97000,30.66000,29.83000,30.09000,3489000
2024-07-19,30.22000,30.22000,29.48000,29.63000,3385900
2024-07-22,29.64000,29.75000,29.41000,29.66000,2793900
2024-07-23,29.56000,29.62000,28.91000,29.27000,2887500
2024-07-24,29.30000,29.91000,29.15000,29.86000,3717500
2024-07-25,29.98000,30.45000,29.38000,29.53000,4406600
2024-07-26,29.50000,29.98000,29.44000,29.94000,3518800
2024-07-29,29.96000,30.37000,29.63000,30.16000,2706300
2024-07-30,29.98000,30.55000,29.96000,30.38000,3773900
2024-07-31,30.30000,30.62000,30.02000,30.32000,4646000
2024-08-01,30.02000,30.36000,29.70000,30.25000,3487700
2024-08-02,30.58000,30.96000,30.31000,30.90000,3767500
2024-08-05,30.85000,31.37000,29.88000,30.01000,4565800
2024-08-06,30.15000,30.46000,29.91000,29.93000,3181300
2024-08-07,29.99000,30.41000,29.75000,29.78000,3630100
2024-08-08,29.63000,30.43000,29.59000,30.30000,3057800
2024-08-09,30.22000,30.27000,29.87000,30.15000,2136000
2024-08-12,30.30000,30.46000,29.75000,29.83000,6488500
2024-08-13,29.96000,30.53000,29.93000,30.36000,4637100
2024-08-14,30.40000,31.06000,30.38000,30.82000,6505800
2024-08-15,30.80000,30.92000,30.06000,30.17000,6635000
2024-08-16,30.15000,30.49000,29.97000,30.42000,3694200
2024-08-19,30.49000,31.22000,30.48000,31.09000,3481900
2024-08-20,31.00000,31.13000,30.74000,30.77000,5456800
2024-08-21,30.85000,31.00000,30.61000,30.74000,4075900
2024-08-22,30.82000,30.82000,30.16000,30.48000,8340800
2024-08-23,30.66000,30.74000,30.46000,30.63000,5976100
2024-08-26,30.72000,31.10000,30.61000,31.04000,4631000
2024-08-27,31.11000,31.31000,30.88000,31.27000,4328700
2024-08-28,31.02000,31.72000,31.02000,31.54000,2998000
2024-08-29,31.58000,31.73000,30.94000,31.04000,2860400
2024-08-30,31.09000,31.27000,31.01000,31.20000,5061800
2024-09-03,31.30000,32.27000,31.24000,31.92000,5793800
2024-09-04,32.01000,32.51000,32.01000,32.41000,4664100
2024-09-05,32.57000,32.81000,32.39000,32.53000,4180800
2024-09-06,32.50000,32.85000,32.50000,32.74000,4177800
2024-09-09,32.74000,33.02000,32.40000,32.83000,4487100
2024-09-10,32.94000,33.24000,32.72000,32.79000,3422300
2024-09-11,32.64000,32.86000,31.22000,31.47000,9431700
2024-09-12,31.40000,31.87000,31.40000,31.75000,3826700
2024-09-13,31.72000,32.07000,31.63000,32.05000,4352300
2024-09-16,32.28000,32.95000,32.27000,32.60000,4280900
2024-09-17,32.58000,32.95000,32.48000,32.56000,3093800
2024-09-18,32.44000,33.04000,32.31000,32.73000,3520200
2024-09-19,32.74000,32.74000,32.21000,32.39000,3698100
2024-09-20,32.72000,32.75000,32.30000,32.30000,20169300
2024-09-23,32.20000,32.40000,32.09000,32.31000,4975200
2024-09-24,32.29000,32.58000,32.22000,32.32000,3514000
2024-09-25,32.38000,32.59000,32.10000,32.29000,2848800
2024-09-26,32.29000,32.52000,32.17000,32.49000,3002600
2024-09-27,32.56000,32.83000,32.43000,32.47000,2687900
2024-09-30,32.55000,32.61000,32.22000,32.52000,3776300
2024-10-01,32.68000,32.90000,32.40000,32.72000,5993400
2024-10-02,30.09000,30.61000,29.38000,30.08000,20128700
2024-10-03,29.91000,29.98000,29.25000,29.35000,8150800
2024-10-04,29.23000,29.62000,29.14000,29.51000,5340700
2024-10-07,29.61000,29.76000,29.05000,29.10000,4411000
2024-10-08,29.21000,29.34000,29.01000,29.20000,3568500
2024-10-09,29.26000,29.51000,29.15000,29.31000,4233800
2024-10-10,29.58000,29.80000,29.24000,29.44000,4119500
2024-10-11,29.57000,29.66000,29.29000,29.37000,2714400
2024-10-14,29.37000,29.48000,29.14000,29.45000,2587700
2024-10-15,29.58000,30.11000,29.46000,29.58000,4562500
2024-10-16,29.54000,29.90000,29.46000,29.72000,5139600
2024-10-17,29.87000,30.47000,29.77000,30.31000,6727400
2024-10-18,30.27000,30.38000,30.06000,30.32000,5561800
2024-10-21,30.35000,30.36000,29.37000,29.51000,5261700
2024-10-22,29.57000,29.60000,29.31000,29.48000,3714000
2024-10-23,29.38000,29.54000,29.24000,29.45000,2612200
2024-10-24,29.54000,29.62000,29.28000,29.35000,2695100
2024-10-25,29.45000,29.51000,29.28000,29.43000,2474900
2024-10-28,29.56000,29.91000,29.50000,29.76000,2426900
2024-10-29,29.59000,29.86000,29.42000,29.43000,3171600
2024-10-30,29.38000,29.45000,29.16000,29.43000,4141600
2024-10-31,29.15000,29.36000,28.93000,28.94000,3818100
2024-11-01,29.10000,29.21000,28.90000,28.97000,3411000
2024-11-04,28.97000,29.14000,28.76000,28.77000,3061500
2024-11-05,28.69000,29.15000,28.52000,29.08000,3403200
2024-11-06,29.43000,29.46000,28.83000,28.90000,5172800
2024-11-07,28.87000,28.90000,28.05000,28.31000,5644800
2024-11-08,28.32000,28.57000,28.07000,28.44000,2912200
2024-11-11,28.48000,28.51000,27.71000,27.74000,6425300
2024-11-12,27.94000,27.99000,27.47000,27.68000,6136900
2024-11-13,27.67000,27.79000,27.53000,27.64000,3318400
2024-11-14,27.59000,27.95000,27.43000,27.45000,5639300
2024-11-15,27.51000,27.51000,26.21000,26.70000,10673900
2024-11-18,26.86000,27.03000,26.56000,26.61000,5860900
2024-11-19,26.50000,26.73000,26.36000,26.48000,5088700
2024-11-20,26.50000,27.16000,26.44000,27.12000,6515400
2024-11-21,27.19000,27.50000,26.95000,27.17000,4379600
2024-11-22,27.34000,27.52000,27.19000,27.42000,4677100
2024-11-25,27.47000,27.97000,27.45000,27.45000,8288800
2024-11-26,27.54000,27.75000,27.39000,27.49000,5294400
2024-11-27,27.60000,27.69000,27.40000,27.45000,4042200
2024-11-29,27.38000,27.75000,27.33000,27.55000,4236900
2024-12-02,27.56000,27.96000,27.41000,27.82000,6904000
2024-12-03,27.82000,28.06000,27.68000,27.71000,4250800
2024-12-04,27.41000,27.56000,27.25000,27.32000,3365500
2024-12-05,27.35000,28.69000,27.28000,27.82000,4799400
2024-12-06,27.89000,27.97000,27.16000,27.24000,4987600
2024-12-09,27.33000,28.05000,27.21000,27.74000,6712200
2024-12-10,27.65000,28.04000,27.43000,27.84000,5023700
2024-12-11,27.90000,28.07000,27.59000,27.73000,4835100
2024-12-12,28.05000,28.22000,27.70000,28.07000,4739200
2024-12-13,28.05000,28.21000,27.79000,28.20000,3510600
2024-12-16,28.20000,28.34000,27.87000,27.90000,5301200
2024-12-17,27.42000,27.97000,27.39000,27.88000,6178600
2024-12-18,27.51000,27.75000,27.25000,27.37000,6706600
2024-12-19,26.95000,27.20000,26.35000,26.81000,8407700
2024-12-20,26.72000,27.24000,26.72000,27.11000,14579900
2024-12-23,27.00000,27.55000,26.92000,27.53000,4891100
2024-12-24,27.50000,27.64000,27.33000,27.64000,2123500
2024-12-26,27.48000,27.80000,27.41000,27.55000,3286300
2024-12-27,27.31000,27.74000,27.31000,27.66000,3515700
2024-12-30,27.60000,27.67000,27.31000,27.54000,4551500
2024-12-31,27.47000,27.86000,27.44000,27.75000,2627300
2025-01-02,27.82000,28.10000,27.59000,27.67000,5544000
2025-01-03,27.62000,27.81000,27.37000,27.65000,4490700
2025-01-06,27.53000,27.65000,26.83000,26.89000,4625700
2025-01-07,26.96000,27.14000,26.50000,26.63000,4588900
2025-01-08,26.57000,26.67000,26.26000,26.60000,5578800
2025-01-10,26.35000,26.54000,25.91000,25.94000,5528900
2025-01-13,26.08000,26.45000,25.85000,26.27000,5660400
2025-01-14,26.22000,26.35000,26.00000,26.05000,4303100
2025-01-15,26.05000,26.21000,25.43000,25.51000,4659400
2025-01-16,25.42000,25.82000,25.35000,25.79000,4999600
2025-01-17,25.78000,25.96000,25.68000,25.82000,9681200
2025-01-21,25.83000,26.09000,25.57000,25.70000,6585000
2025-01-22,25.69000,25.69000,25.14000,25.31000,5975400
2025-01-23,25.37000,25.43000,25.06000,25.34000,4793900
2025-01-24,25.36000,25.90000,25.31000,25.78000,6391500
2025-01-27,25.80000,26.78000,25.80000,26.21000,7425800
2025-01-28,26.06000,26.17000,25.46000,25.61000,4461100
2025-01-29,25.64000,26.08000,25.64000,25.90000,4910500
2025-01-30,26.05000,26.41000,25.85000,26.29000,5309500
2025-01-31,26.04000,26.26000,25.81000,25.89000,5291000
2025-02-03,25.72000,25.87000,25.23000,25.46000,4019700
2025-02-04,25.39000,25.44000,24.85000,25.03000,5380000
2025-02-05,25.13000,25.28000,24.89000,25.11000,3797500
2025-02-06,25.49000,25.51000,24.88000,25.01000,6038300
2025-02-07,25.02000,25.16000,24.64000,24.82000,6632200
2025-02-10,24.78000,24.80000,24.35000,24.53000,4565800
2025-02-11,24.46000,24.99000,24.18000,24.91000,6990500
2025-02-12,24.57000,25.21000,24.43000,24.76000,8089300
2025-02-13,24.76000,25.07000,24.61000,24.98000,4814700
2025-02-14,25.10000,25.47000,25.05000,25.28000,6372500
2025-02-18,23.60000,24.09000,23.06000,23.90000,14008300
2025-02-19,23.96000,24.30000,23.73000,24.29000,5358300
2025-02-20,24.21000,24.86000,24.21000,24.84000,4103700
2025-02-21,24.87000,26.10000,24.83000,25.79000,7591900
2025-02-24,25.31000,26.33000,25.30000,25.82000,6523100
2025-02-25,25.87000,26.34000,25.83000,26.10000,5040000
2025-02-26,25.85000,25.91000,25.10000,25.36000,5253800
2025-02-27,25.10000,25.58000,25.03000,25.57000,3876200
2025-02-28,25.83000,26.07000,25.43000,25.54000,5846600
2025-03-03,25.62000,26.08000,25.43000,26.05000,5844800
2025-03-04,26.12000,26.68000,25.44000,25.47000,5606100
2025-03-05,25.44000,25.79000,25.17000,25.39000,4618100
2025-03-06,25.64000,26.06000,25.49000,25.98000,4091300
2025-03-07,25.99000,27.86000,25.99000,27.23000,10894300
2025-03-10,27.64000,28.52000,27.47000,27.62000,10118000
2025-03-11,27.74000,27.74000,26.67000,26.71000,5330600
2025-03-12,26.35000,26.53000,25.77000,25.91000,6361300
2025-03-13,26.02000,26.40000,25.72000,25.81000,4018200
2025-03-14,25.65000,25.90000,25.51000,25.65000,4037400
2025-03-17,25.70000,26.30000,25.56000,26.07000,4374100
2025-03-18,26.18000,26.40000,25.96000,26.00000,4426900
2025-03-19,25.85000,26.03000,25.73000,25.90000,4623400
2025-03-20,25.93000,26.02000,25.67000,25.90000,6269200
2025-03-21,25.87000,26.27000,25.52000,25.68000,21562500
2025-03-24,25.64000,25.85000,25.47000,25.73000,5538400
2025-03-25,25.74000,25.74000,25.20000,25.35000,4627600
2025-03-26,25.35000,26.06000,25.35000,25.92000,5376700
2025-03-27,26.19000,26.57000,26.01000,26.46000,4507900
2025-03-28,26.72000,26.77000,26.37000,26.55000,5047900
2025-03-31,26.71000,27.08000,26.54000,26.67000,7741900
2025-04-01,26.88000,26.88000,26.27000,26.60000,5862300
2025-04-02,26.70000,26.74000,26.04000,26.38000,8200700
2025-04-03,27.00000,27.65000,26.20000,26.78000,11473400
2025-04-04,26.70000,27.68000,26.53000,26.68000,11257600
2025-04-07,26.34000,26.94000,25.96000,25.99000,9648000
2025-04-08,26.19000,26.25000,24.85000,24.99000,7550900
2025-04-09,24.72000,25.91000,24.51000,25.69000,6987800
2025-04-10,25.60000,26.09000,25.12000,25.48000,6897800
2025-04-11,25.46000,26.08000,25.31000,25.98000,7995400
2025-04-14,26.00000,26.34000,25.77000,26.19000,4698800
2025-04-15,26.14000,26.29000,25.50000,25.55000,4372700
2025-04-16,25.74000,25.75000,24.82000,24.90000,4362200
2025-04-17,24.88000,25.40000,24.87000,25.33000,4787800
2025-04-21,25.20000,25.45000,25.15000,25.39000,4696500
2025-04-22,25.41000,25.78000,25.24000,25.48000,4472100
2025-04-23,25.51000,25.58000,25.03000,25.22000,4535800
2025-04-24,25.26000,25.27000,24.81000,24.92000,4307500
2025-04-25,24.98000,25.12000,24.24000,24.45000,6447200
2025-04-28,24.19000,24.32000,24.02000,24.08000,5937200
2025-04-29,24.01000,24.39000,23.82000,24.34000,5255300
2025-04-30,24.58000,24.80000,24.33000,24.71000,6130300
2025-05-01,24.43000,24.64000,24.16000,24.18000,4385800
2025-05-02,24.25000,24.30000,23.67000,23.86000,5310500
2025-05-05,23.76000,23.79000,23.32000,23.51000,5285200
2025-05-06,23.42000,23.56000,23.28000,23.35000,4542400
2025-05-07,23.36000,23.39000,22.87000,23.00000,10011900
2025-05-08,22.95000,23.37000,22.78000,23.22000,8712000
2025-05-09,23.25000,23.40000,23.06000,23.09000,7697700
2025-05-12,23.16000,23.47000,22.97000,23.31000,8948900
2025-05-13,23.25000,23.32000,22.63000,22.83000,7362400
2025-05-14,22.75000,22.81000,22.38000,22.45000,6485900
2025-05-15,22.62000,22.79000,22.45000,22.77000,5394600
2025-05-16,22.79000,22.99000,22.67000,22.98000,7923100
2025-05-19,22.91000,23.10000,22.76000,23.01000,6219500
2025-05-20,23.04000,23.37000,22.99000,23.09000,6110100
2025-05-21,23.06000,23.06000,22.40000,22.48000,7625300
2025-05-22,22.39000,22.41000,21.98000,22.31000,9762300
2025-05-23,22.35000,22.46000,22.01000,22.40000,6785000
2025-05-27,22.58000,22.93000,22.48000,22.90000,6351200
2025-05-28,22.89000,23.09000,22.65000,22.71000,5788400
2025-05-29,22.62000,22.92000,22.44000,22.67000,6821600
2025-05-30,22.67000,22.98000,22.54000,22.89000,8306600
2025-06-02,22.68000,22.80000,22.48000,22.76000,5715400
2025-06-03,22.63000,22.78000,22.30000,22.68000,4836600
2025-06-04,22.71000,22.81000,22.48000,22.50000,3970700
2025-06-05,22.40000,22.44000,22.12000,22.26000,4414100
2025-06-06,22.34000,22.47000,22.16000,22.39000,4738200
2025-06-09,22.12000,22.51000,22.07000,22.40000,8563700
2025-06-10,22.47000,22.58000,22.11000,22.44000,8689700
2025-06-11,22.50000,22.55000,22.20000,22.37000,5945300
2025-06-12,22.02000,22.31000,21.81000,22.28000,8867200
2025-06-13,22.34000,22.49000,21.51000,21.57000,10715400
2025-06-16,21.62000,21.69000,21.18000,21.60000,9917900
2025-06-17,21.59000,21.89000,21.47000,21.55000,6165700
2025-06-18,21.55000,21.73000,21.45000,21.50000,5856300
2025-06-20,21.49000,21.65000,21.33000,21.49000,14392800
2025-06-23,21.50000,21.78000,21.27000,21.61000,7884700
2025-06-24,21.53000,21.64000,21.30000,21.46000,9400000
2025-06-25,21.18000,21.19000,20.45000,20.45000,11487300
2025-06-26,20.65000,20.86000,20.40000,20.50000,7918000
2025-06-27,20.52000,20.67000,20.26000,20.40000,11428100
2025-06-30,20.37000,20.52000,20.26000,20.47000,9555200
2025-07-01,20.38000,21.37000,20.38000,21.05000,11289400
2025-07-02,21.04000,21.30000,20.97000,21.14000,7516000
2025-07-03,21.23000,21.27000,20.93000,20.99000,6100800
2025-07-07,20.99000,20.99000,20.33000,20.41000,9271500
2025-07-08,20.31000,20.82000,20.23000,20.65000,9907500
2025-07-09,20.72000,20.80000,20.22000,20.38000,12752800
2025-07-10,19.33000,20.15000,18.82000,19.49000,29498900
2025-07-11,19.53000,19.53000,18.84000,19.40000,20159800
2025-07-14,19.48000,19.59000,19.23000,19.38000,12651300
2025-07-15,19.31000,19.55000,18.96000,19.00000,14794600
2025-07-16,19.00000,19.17000,18.80000,19.04000,9607900
2025-07-17,19.05000,19.22000,18.84000,18.97000,10255200
2025-07-18,19.06000,19.23000,18.93000,19.07000,9688300
2025-07-21,19.14000,19.25000,18.67000,18.75000,14163400
2025-07-22,18.77000,19.54000,18.72000,19.40000,11940000
2025-07-23,19.55000,19.88000,19.49000,19.63000,12714300
2025-07-24,19.45000,19.57000,19.30000,19.30000,9928100
2025-07-25,19.29000,19.32000,19.06000,19.21000,8409600
2025-07-28,19.07000,19.43000,18.95000,19.20000,10824500
2025-07-29,19.17000,19.42000,18.97000,19.38000,12525100
2025-07-30,19.03000,19.10000,18.39000,18.53000,14814000
2025-07-31,18.36000,18.58000,18.18000,18.26000,20194800
2025-08-01,18.43000,18.59000,18.26000,18.51000,11514700
2025-08-04,18.47000,18.76000,18.44000,18.69000,10954600
2025-08-05,18.69000,18.91000,18.63000,18.80000,9405700
2025-08-06,18.87000,19.12000,18.74000,18.93000,12164600
2025-08-07,19.04000,19.38000,18.84000,19.25000,13497700
2025-08-08,19.24000,19.35000,19.09000,19.25000,9649000
2025-08-11,19.33000,19.55000,19.05000,19.27000,9734800
2025-08-12,19.34000,19.68000,19.27000,19.50000,12511600
2025-08-13,19.44000,19.69000,19.30000,19.52000,8181100
2025-08-14,19.40000,19.47000,19.11000,19.45000,6183100
2025-08-15,19.49000,19.52000,18.99000,19.17000,8385300
2025-08-18,19.19000,19.24000,18.98000,18.98000,9453800
2025-08-19,19.10000,19.48000,19.07000,19.27000,8492800
2025-08-20,19.42000,19.66000,19.21000,19.25000,7634200
2025-08-21,19.19000,19.35000,19.01000,19.30000,7468100
2025-08-22,19.42000,19.78000,19.41000,19.66000,12182000
2025-08-25,19.66000,19.66000,19.10000,19.16000,8461300
2025-08-26,19.04000,19.06000,18.70000,18.79000,55005600
2025-08-27,18.75000,19.21000,18.67000,19.16000,11846000
2025-08-28,19.14000,19.19000,18.53000,18.79000,10725400
2025-08-29,18.82000,19.17000,18.81000,19.13000,8268500
2025-09-02,19.07000,19.23000,18.73000,18.77000,10793000
2025-09-03,18.65000,19.23000,18.61000,19.20000,9418000
2025-09-04,19.22000,19.30000,18.87000,18.94000,9507700
2025-09-05,18.98000,19.38000,18.90000,19.28000,8234400
2025-09-08,19.40000,19.51000,19.14000,19.46000,9343100
2025-09-09,19.42000,19.55000,19.31000,19.42000,7833800
2025-09-10,19.28000,19.43000,19.03000,19.36000,8978000
2025-09-11,19.40000,19.59000,19.27000,19.44000,8060800
2025-09-12,19.37000,19.42000,19.17000,19.17000,5349600
2025-09-15,19.21000,19.34000,18.67000,18.67000,9688600
2025-09-16,18.74000,19.06000,18.65000,18.94000,9307300
2025-09-17,18.92000,19.24000,18.84000,18.89000,8077800
2025-09-18,18.85000,18.89000,18.67000,18.75000,11558200
2025-09-19,18.81000,18.90000,18.45000,18.54000,20476700
2025-09-22,18.50000,18.63000,18.30000,18.32000,9705800
2025-09-23,18.40000,18.48000,18.12000,18.20000,10960200
2025-09-24,18.22000,18.64000,18.18000,18.53000,10592600
2025-09-25,18.57000,18.64000,18.07000,18.08000,11014700
2025-09-26,18.17000,18.36000,18.12000,18.18000,11979200
2025-09-29,18.20000,18.21000,17.89000,18.04000,12165400
2025-09-30,18.00000,18.38000,17.90000,18.31000,22230700
2025-10-01,18.84000,19.36000,18.43000,19.30000,23515900
2025-10-02,19.09000,19.24000,18.84000,19.18000,11204100
2025-10-03,19.18000,19.33000,18.99000,19.11000,7714600
2025-10-06,19.11000,19.15000,18.66000,18.72000,11397300
2025-10-07,18.77000,19.08000,18.65000,18.91000,13204400
2025-10-08,18.88000,18.97000,18.66000,18.71000,8467400
2025-10-09,18.80000,18.80000,18.45000,18.50000,7238400
2025-10-10,18.66000,18.70000,18.31000,18.58000,14977200
2025-10-13,18.52000,18.54000,17.93000,18.19000,12938700
2025-10-14,18.15000,18.52000,18.07000,18.50000,16330600
2025-10-15,18.50000,18.68000,18.27000,18.34000,13431800
2025-10-16,18.49000,18.69000,18.17000,18.27000,14701800
2025-10-17,18.35000,18.63000,18.31000,18.56000,8974000
2025-10-20,18.57000,18.63000,18.47000,18.50000,7300000
2025-10-21,18.62000,18.67000,18.43000,18.62000,7466300
2025-10-22,18.65000,18.99000,18.51000,18.78000,9936300
2025-10-23,18.86000,18.86000,18.44000,18.47000,8562600
2025-10-24,18.51000,18.61000,18.26000,18.29000,7146800
2025-10-27,18.30000,18.51000,18.27000,18.50000,8998600
2025-10-28,18.39000,18.41000,18.05000,18.08000,14629200
2025-10-29,18.00000,18.04000,17.35000,17.38000,20897500
2025-10-30,16.97000,17.48000,16.94000,17.42000,15512700
2025-10-31,17.26000,17.32000,17.09000,17.19000,12966400
2025-11-03,17.17000,17.44000,17.01000,17.29000,12535200
2025-11-04,17.33000,17.37000,17.05000,17.11000,9363500
2025-11-05,17.08000,17.22000,17.00000,17.09000,10988400
2025-11-06,17.00000,17.17000,16.60000,16.70000,10641600
2025-11-07,16.74000,17.29000,16.69000,17.14000,10833100
2025-11-10,17.27000,17.29000,16.91000,16.98000,9212500
2025-11-11,17.12000,17.37000,17.07000,17.30000,9691400
2025-11-12,17.37000,17.50000,17.25000,17.34000,8059400
2025-11-13,17.37000,17.66000,17.32000,17.43000,9838700
2025-11-14,17.50000,17.66000,17.25000,17.45000,8036600
2025-11-17,17.42000,17.48000,17.10000,17.12000,10891100
2025-11-18,17.13000,17.43000,17.06000,17.38000,9522000
2025-11-19,17.35000,17.58000,17.24000,17.40000,10219200
2025-11-20,17.35000,17.51000,17.27000,17.38000,8232400
2025-11-21,17.60000,18.03000,17.53000,17.77000,14288300
2025-11-24,17.73000,17.80000,17.51000,17.52000,12973300
2025-11-25,17.59000,17.85000,17.57000,17.74000,8208800
2025-11-26,17.70000,17.98000,17.70000,17.82000,8629500
2025-11-28,17.84000,17.98000,17.83000,17.85000,3764800
2025-12-01,17.80000,17.88000,17.54000,17.67000,8595500
2025-12-02,17.67000,17.67000,17.15000,17.22000,10588600
2025-12-03,17.31000,17.60000,17.16000,17.16000,7099000
2025-12-04,17.22000,17.29000,16.92000,16.95000,8758100
2025-12-05,16.92000,17.14000,16.86000,17.05000,8210900
2025-12-08,16.98000,17.35000,16.89000,17.11000,12353600
2025-12-09,17.13000,17.27000,16.95000,17.12000,10499600
2025-12-10,17.18000,17.48000,17.10000,17.44000,14148700
2025-12-11,17.44000,17.70000,17.43000,17.60000,7955000
2025-12-12,17.69000,17.87000,17.68000,17.75000,7071100
2025-12-15,17.82000,18.05000,17.82000,17.94000,8856600
2025-12-16,17.95000,18.00000,17.71000,17.74000,7997500
2025-12-17,17.83000,18.03000,17.79000,17.92000,8249500
2025-12-18,17.84000,17.97000,17.78000,17.80000,12186400
2025-12-19,17.81000,18.05000,17.05000,17.35000,22998100
2025-12-22,17.19000,17.44000,17.07000,17.26000,11410700
2025-12-23,17.22000,17.25000,16.95000,16.98000,9443100
2025-12-24,16.95000,17.08000,16.88000,17.08000,3755600
2025-12-26,17.06000,17.27000,17.02000,17.24000,6941400
2025-12-29,17.30000,17.57000,17.29000,17.46000,12228500
2025-12-30,17.50000,17.63000,17.41000,17.43000,7742300
2025-12-31,17.40000,17.49000,17.30000,17.31000,5146600
2026-01-02,17.23000,17.44000,17.09000,17.30000,10643600
2026-01-05,17.26000,17.30000,16.97000,17.08000,16341900
2026-01-06,17.05000,17.09000,16.85000,16.85000,13635100
2026-01-07,16.92000,16.96000,16.08000,16.08000,18996600
2026-01-08,16.05000,16.66000,15.96000,16.58000,14491400
2026-01-09,16.72000,17.01000,16.51000,16.94000,11088100
2026-01-12,16.99000,16.99000,16.64000,16.69000,12459000
2026-01-13,16.75000,17.06000,16.54000,16.57000,15794000
2026-01-14,16.63000,17.18000,16.62000,17.12000,15609100
2026-01-15,17.09000,17.40000,16.89000,17.37000,12414100
2026-01-16,17.23000,17.30000,16.94000,16.96000,11734100
2026-01-20,16.96000,17.39000,16.89000,17.17000,11486100
2026-01-21,17.11000,17.31000,16.99000,17.30000,13031900
2026-01-22,17.25000,17.66000,17.25000,17.47000,9997500
2026-01-23,17.46000,17.59000,17.29000,17.50000,9793000
2026-01-26,17.60000,18.12000,17.60000,18.09000,17228500
2026-01-27,17.62000,17.99000,17.60000,17.95000,14828700
2026-01-28,18.00000,18.14000,17.48000,17.68000,11013800
2026-01-29,17.80000,18.08000,17.76000,17.83000,11067800
2026-01-30,17.93000,18.51000,17.81000,18.51000,14674800
2026-02-02,18.48000,18.51000,18.09000,18.38000,11387000
2026-02-03,18.27000,19.18000,18.21000,19.11000,17829100
2026-02-04,19.25000,20.00000,19.21000,19.80000,19915000
2026-02-05,19.98000,20.04000,19.49000,19.55000,13320400
2026-02-06,19.58000,19.72000,19.35000,19.35000,11150400
2026-02-09,19.35000,19.47000,19.00000,19.18000,10983700
2026-02-10,19.28000,19.49000,19.05000,19.33000,11372500
2026-02-11,19.05000,20.05000,18.86000,20.02000,12271200
2026-02-12,20.10000,20.32000,19.66000,19.94000,11783300
2026-02-13,19.93000,20.08000,19.47000,19.76000,10732000
2026-02-17,19.75000,19.85000,18.33000,18.89000,21050100
2026-02-18,18.84000,18.85000,18.36000,18.79000,21772900
2026-02-19,18.89000,18.99000,18.61000,18.69000,9664500
2026-02-20,18.83000,18.83000,18.40000,18.47000,10956400
2026-02-23,18.42000,19.00000,18.40000,18.86000,12205000
2026-02-24,18.98000,19.37000,18.97000,19.10000,12657400
2026-02-25,18.92000,19.01000,18.31000,18.67000,13182400
2026-02-26,18.76000,18.97000,18.60000,18.73000,14247600
2026-02-27,18.80000,19.34000,18.74000,19.25000,12898000
2026-03-02,19.23000,19.48000,18.99000,19.18000,10419000
2026-03-03,19.08000,19.22000,18.74000,18.96000,10484500
2026-03-04,19.00000,19.05000,18.66000,18.85000,10253300
2026-03-05,18.82000,18.99000,18.59000,18.61000,9329700
2026-03-06,18.61000,19.05000,18.40000,19.02000,8897600
2026-03-09,18.96000,19.10000,18.62000,18.66000,11007500
2026-03-10,18.46000,18.51000,18.07000,18.08000,10189400
2026-03-11,18.00000,18.04000,16.87000,16.98000,24290700
2026-03-12,16.68000,17.06000,16.13000,16.17000,24826900
2026-03-13,16.35000,16.87000,16.35000,16.41000,20226700
2026-03-16,16.46000,16.54000,16.02000,16.03000,17215900
2026-03-17,16.07000,16.41000,16.07000,16.19000,14823800
2026-03-18,16.03000,16.13000,15.36000,15.56000,19649400
2026-03-19,15.59000,15.74000,15.32000,15.40000,20714300
2026-03-20,15.41000,15.50000,15.07000,15.16000,24494400
2026-03-23,15.34000,15.57000,15.07000,15.46000,14544700
2026-03-24,15.48000,15.83000,15.37000,15.56000,12026900
2026-03-25,15.58000,15.58000,15.04000,15.32000,17431800
2026-03-26,15.27000,15.48000,15.11000,15.20000,13531800
2026-03-27,15.26000,15.78000,15.16000,15.62000,16966700
2026-03-30,15.59000,15.94000,15.49000,15.73000,20780600
2026-03-31,15.75000,15.84000,15.43000,15.72000,17282300
2026-04-01,15.88000,16.07000,15.08000,15.52000,31215200
2026-04-02,15.35000,15.74000,15.24000,15.72000,16993700
2026-04-06,15.70000,15.90000,15.63000,15.78000,11022900
2026-04-07,15.78000,15.94000,15.48000,15.49000,10036300
2026-04-08,15.55000,15.66000,15.41000,15.58000,10216800
2026-04-09,15.26000,15.57000,15.13000,15.55000,10953300
2026-04-10,15.53000,15.59000,15.11000,15.18000,9967800
2026-04-13,15.11000,15.14000,14.22000,14.51000,26903200
2026-04-14,14.40000,14.60750,14.28000,14.28000,17545845
2026-04-15,14.30000,14.33000,14.04000,14.12500,6957204
